Date,Price,Open,High,Low,Vol.,Change %
2023/08/12,110.016,110.083,110.083,109.827,,0.24%
2023/07/12,109.75,110.375,110.75,110,,0.00%
2023/06/12,109.75,110,110,110,,0.00%
2023/05/12,109.75,110,110,110,,0.00%
2023/04/12,109.75,110,110,110,,-0.48%
2023/01/12,110.28,110.263,110.34,110.263,,0.25%
11/30/2023,110,110.25,110.25,110.25,,0.00%
11/29/2023,110,110.25,110.25,110.25,,0.00%
11/28/2023,110,110.25,110.25,110.25,,0.00%
11/27/2023,110,110.25,110.25,110.25,,-0.16%
11/24/2023,110.177,110.325,110.385,110.177,,0.16%
11/23/2023,110,110.25,110.25,110.25,,-0.45%
11/22/2023,110.5,110.25,110.75,110.25,,0.00%
11/21/2023,110.5,110.25,110.75,110.25,,0.00%
11/20/2023,110.5,110.25,110.75,110.25,,-0.25%
11/17/2023,110.782,110.821,110.821,110.744,,0.25%
11/16/2023,110.5,110.75,110.75,110.75,,0.00%
11/15/2023,110.5,110.75,110.75,110.75,,0.00%
11/14/2023,110.5,110.75,110.75,110.75,,0.00%
11/13/2023,110.5,110.25,110.75,110.25,,0.25%
2023/10/11,110.22,110.244,110.422,110.22,,0.20%
2023/09/11,110,110.75,110.75,110.25,,-0.45%
2023/08/11,110.5,110.25,110.75,110.25,,0.45%
2023/07/11,110,110.75,110.75,110.25,,0.00%
2023/06/11,110,110.75,110.75,110.25,,-0.62%
2023/03/11,110.684,110.56,110.868,110.56,,0.17%
2023/02/11,110.5,110.75,110.75,110.75,,0.45%
2023/01/11,110,110.25,110.25,110.25,,0.00%
10/31/2023,110,110.25,110.25,110.25,,0.00%
10/30/2023,110,110.25,110.25,110.25,,-0.32%
10/27/2023,110.35,110.268,110.35,110.044,,0.32%
10/26/2023,110,110.25,110.25,110.25,,0.00%
10/25/2023,110,110.25,110.25,110.25,,-0.24%
10/24/2023,110.265,110.213,110.265,109.423,,0.24%
10/23/2023,110,110.25,110.25,110.25,,-0.22%
10/20/2023,110.241,110.215,110.241,109.993,,0.22%
10/19/2023,110,110.25,110.25,110.25,,0.00%
10/18/2023,110,110.25,110.25,110.25,,0.00%
10/17/2023,110,110.25,110.25,110.25,,0.00%
10/16/2023,110,110.25,110.25,110.25,,-0.23%
10/13/2023,110.251,110.254,111.083,110.251,,0.23%
2023/12/10,110,110.25,110.25,110.25,,0.00%
2023/11/10,110,110.25,110.25,110.25,,0.00%
2023/10/10,110,110.25,110.25,110.25,,0.00%
2023/09/10,110,110.25,110.25,110.25,,-0.25%
2023/06/10,110.274,109.942,110.274,109.942,,0.25%
2023/05/10,110,110.25,110.25,110.25,,0.00%
2023/04/10,110,110.25,110.25,110.25,,0.00%
2023/03/10,110,110.25,110.25,110.25,,0.00%
2023/02/10,110,110.25,110.25,110.25,,-0.34%
09/29/2023,110.371,110.269,110.371,109.993,,0.09%
09/28/2023,110.269,110.388,110.677,110.269,,0.24%
09/27/2023,110,110.25,110.25,110.25,,0.00%
09/26/2023,110,110.25,110.25,110.25,,0.00%
09/25/2023,110,110.25,110.25,110.25,,0.25%
09/22/2023,109.729,109.82,109.82,109.679,,0.21%
09/21/2023,109.5,109.75,109.75,109.75,,0.00%
09/20/2023,109.5,109.75,109.75,109.75,,0.00%
09/19/2023,109.5,109.75,109.75,109.75,,0.00%
09/18/2023,109.5,109.75,109.75,109.75,,-0.23%
09/15/2023,109.754,109.742,110.697,109.742,,0.23%
09/14/2023,109.5,109.75,109.75,109.25,,0.00%
09/13/2023,109.5,109.75,109.75,109.75,,0.00%
2023/12/09,109.5,109.75,109.75,109.75,,0.00%
2023/11/09,109.5,109.75,109.75,109.75,,-0.21%
2023/08/09,109.732,109.713,109.732,109.668,,0.21%
2023/07/09,109.5,109.75,109.75,109.75,,-0.15%
2023/06/09,109.666,109.924,109.924,109.666,,0.15%
2023/05/09,109.5,109.75,109.75,109.75,,-0.36%
2023/04/09,109.9,109.75,109.95,109.75,,0.59%
2023/01/09,109.258,109.259,109.607,109.258,,0.24%
08/31/2023,109,109.45,109.45,109.25,,0.00%
08/30/2023,109,109.25,109.45,109.25,,-0.37%
08/29/2023,109.4,109.25,109.45,109.25,,0.37%
08/28/2023,109,109.25,109.45,109.25,,-0.18%
08/25/2023,109.192,109.247,109.862,109.192,,0.18%
08/24/2023,109,109.25,109.45,109.25,,-0.37%
08/23/2023,109.4,109.25,109.45,109.25,,0.37%
08/22/2023,109,109.25,109.45,109.25,,-0.37%
08/21/2023,109.4,109.25,109.45,109.25,,-0.03%
08/18/2023,109.43,109.43,109.43,109.43,,0.03%
08/17/2023,109.4,109.25,109.45,109.25,,0.00%
08/16/2023,109.4,109.25,109.45,109.25,,-0.06%
08/15/2023,109.462,109.519,109.833,109.462,,0.06%
08/14/2023,109.4,109.25,109.45,109.25,,-0.05%
2023/11/08,109.456,109.45,109.846,109.45,,0.05%
2023/10/08,109.4,109.25,109.45,109.25,,0.00%
2023/09/08,109.4,109.25,109.45,109.25,,0.00%
2023/08/08,109.4,109.45,109.45,109.25,,0.06%
2023/07/08,109.33,109.45,109.45,109.38,,0.28%
2023/04/08,109.027,108.952,109.027,108.794,,0.07%
2023/03/08,108.95,109.45,109.45,109,,-0.41%
2023/02/08,109.4,109.45,109.45,109.45,,0.85%
2023/01/08,108.48,108.95,109.45,108.53,,0.01%
07/31/2023,108.47,108.95,108.95,108.52,,0.09%
07/28/2023,108.373,108.551,110.071,108.373,,-0.09%
07/27/2023,108.47,108.95,108.95,108.52,,-0.01%
07/26/2023,108.48,108.95,108.95,108.53,,0.00%
07/25/2023,108.48,108.95,108.95,108.53,,-0.02%
07/24/2023,108.5,108.75,108.95,108.55,,-0.07%
07/21/2023,108.573,108.554,108.573,108.554,,0.08%
07/20/2023,108.49,108.95,108.95,108.54,,-0.01%
07/19/2023,108.5,108.95,108.95,108.55,,0.02%
07/18/2023,108.48,108.95,108.95,108.53,,-0.24%
07/17/2023,108.74,108.95,108.95,108.79,,0.02%
07/14/2023,108.714,108.745,108.745,108.272,,-0.01%
07/13/2023,108.72,108.95,108.95,108.77,,0.00%
2023/12/07,108.72,108.95,108.95,108.77,,-0.02%
2023/11/07,108.74,108.95,108.95,108.79,,0.18%
2023/10/07,108.54,108.95,108.95,108.59,,-0.10%
2023/07/07,108.647,108.651,108.655,108.647,,0.06%
2023/06/07,108.58,108.95,108.95,108.63,,0.17%
2023/05/07,108.4,108.93,108.93,108.45,,0.09%
2023/04/07,108.3,108.93,108.93,108.35,,0.12%
2023/03/07,108.17,108.95,108.95,108.22,,-0.01%
06/30/2023,108.186,108.165,108.732,108.165,,0.02%
06/29/2023,108.165,108.246,108.662,108.165,,-0.07%
06/28/2023,108.246,108.244,108.246,108.171,,0.00%
06/27/2023,108.244,108.183,108.244,108.183,,0.11%
06/26/2023,108.13,109.3,109.3,108.18,,-0.50%
06/23/2023,108.67,108.184,108.67,108.184,,0.50%
06/22/2023,108.13,109.3,109.3,108.18,,-0.01%
06/21/2023,108.14,109.3,109.3,108.19,,-0.02%
06/20/2023,108.16,109.3,109.3,108.21,,-0.03%
06/19/2023,108.19,109.4,109.4,108.24,,0.03%
06/16/2023,108.156,108.323,108.323,107.265,,-0.04%
06/15/2023,108.2,109.3,109.3,108.25,,-0.96%
06/14/2023,109.25,108.44,109.3,108.44,,0.92%
06/13/2023,108.25,108.82,109.3,108.35,,-0.04%
2023/12/06,108.29,109.25,109.255,108.34,,0.09%
2023/09/06,108.193,108.249,108.249,107.733,,-0.02%
2023/08/06,108.21,108.8,109.2,108.26,,0.27%
2023/07/06,107.92,108.3,108.8,107.97,,0.05%
2023/06/06,107.87,108.3,108.3,107.92,,0.18%
2023/05/06,107.68,108.2,108.2,107.73,,0.36%
2023/02/06,107.295,107.234,107.295,106.746,,0.06%
2023/01/06,107.23,108.2,108.2,107.28,,0.03%
05/31/2023,107.2,108.15,108.15,107.25,,-0.04%
05/30/2023,107.24,108.5,108.5,107.29,,0.06%
05/29/2023,107.18,108.35,108.35,107.23,,-0.02%
05/26/2023,107.205,107.178,107.205,107.178,,0.04%
05/25/2023,107.16,108.7,108.7,107.21,,-0.02%
05/24/2023,107.18,108.65,108.65,107.23,,-0.57%
05/23/2023,107.79,108.55,108.645,107.14,,0.55%
05/22/2023,107.2,108.7,108.7,107.25,,-0.12%
05/19/2023,107.324,107.341,107.725,107.324,,0.06%
05/18/2023,107.26,108.25,108.25,107.31,,-0.08%
05/17/2023,107.35,108.3,108.3,107.4,,-0.01%
05/16/2023,107.36,108.2,108.2,107.41,,-0.45%
05/15/2023,107.85,107.51,107.9,107.51,,0.48%
2023/11/05,107.34,107.7,107.7,107.39,,0.01%
2023/10/05,107.33,107.7,107.7,107.38,,-0.38%
2023/09/05,107.74,107.7,108.24,107.26,,0.76%
2023/08/05,106.93,107.65,108.13,106.98,,0.46%
2023/03/05,106.44,107,107.3,106.49,,0.36%
2023/02/05,106.06,107,107,106.11,,-0.04%
04/27/2023,106.1,107.3,107.555,106.15,,-0.02%
04/26/2023,106.12,107.65,107.73,106.17,,-1.28%
04/25/2023,107.5,107.65,107.65,106.18,,1.32%
04/24/2023,106.1,107.65,107.65,106.15,,-0.01%
04/18/2023,106.11,107.5,107.655,106.16,,-0.13%
04/17/2023,106.25,107.6,107.6,106.3,,-0.11%
04/13/2023,106.37,107.55,107.55,106.42,,0.03%
2023/12/04,106.34,107.4,107.4,106.39,,0.06%
2023/11/04,106.28,107.3,107.3,106.33,,0.11%
2023/10/04,106.16,107.15,107.15,106.215,,0.33%
2023/06/04,105.81,107.7,107.7,105.86,,-1.48%
2023/05/04,107.4,107.45,107.45,105.72,,1.83%
2023/04/04,105.47,107.2,107.2,105.52,,0.22%
2023/03/04,105.24,107.7,107.7,105.29,,-1.83%
03/30/2023,107.2,107.25,107.25,107.25,,0.79%
03/29/2023,106.36,107.25,107.28,105.11,,-1.20%
03/28/2023,107.65,107.7,107.7,107.7,,2.48%
03/27/2023,105.04,107.7,107.7,105.09,,-0.01%
03/23/2023,105.05,107.7,107.7,105.1,,-0.01%
03/22/2023,105.06,107.6,107.6,105.11,,-1.36%
03/21/2023,106.51,107.6,107.6,105.22,,1.21%
03/20/2023,105.24,107.6,107.6,105.29,,-1.41%
03/16/2023,106.75,107.45,107.575,105.44,,1.28%
03/15/2023,105.4,107.25,107.25,105.45,,-0.13%
03/14/2023,105.54,106.88,106.88,105.59,,0.10%
03/13/2023,105.43,106.88,106.88,105.48,,0.06%
2023/09/03,105.37,106,106,105.42,,0.13%
2023/07/03,105.23,106.4,106.4,105.28,,0.32%
2023/06/03,104.89,106.25,106.25,104.94,,-1.51%
2023/02/03,106.5,104.65,107.125,104.65,,1.99%
2023/01/03,104.42,107.2,107.315,104.47,,-0.03%
02/28/2023,104.45,106.55,106.96,104.5,,-2.02%
02/27/2023,106.6,106.65,107.075,104.34,,0.01%
02/23/2023,106.59,106.85,107.175,106.745,,-0.04%
02/22/2023,106.63,105.85,107.115,105.85,,0.45%
02/20/2023,106.15,106.25,106.25,106.2,,0.38%
02/16/2023,105.75,107.2,107.2,105.8,,-0.42%
02/15/2023,106.2,106.7,107.15,106.25,,-0.84%
02/14/2023,107.1,107.025,107.15,107.2,,0.23%
02/13/2023,106.85,106.9,106.9,106.9,,2.12%
2023/09/02,104.63,106.75,107.15,104.68,,-1.66%
2023/08/02,106.4,106.45,106.45,106.45,,0.16%
2023/07/02,106.23,106.8,106.975,106.54,,0.01%
2023/06/02,106.22,107.15,107.15,106.71,,-1.01%
2023/02/02,107.3,106.9,107.35,106.12,,1.63%
2023/01/02,105.58,106.9,106.9,106.08,,-1.05%
01/31/2023,106.7,106.15,106.75,106.15,,0.76%
01/30/2023,105.9,106.05,106.275,105.8,,0.38%
01/27/2023,105.5,106,106,106,,0.00%
01/26/2023,105.5,104.5,106,104.5,,0.86%
01/25/2023,104.6,106.45,106.475,103.87,,-1.51%
01/24/2023,106.2,106.07,106.6,103.98,,0.66%
01/23/2023,105.5,106.35,106.455,104.03,,0.38%
01/19/2023,105.1,106.46,106.95,103.81,,-0.57%
01/18/2023,105.7,106.4,106.675,103.82,,1.93%
01/17/2023,103.7,106.5,106.8,103.8,,-0.20%
01/16/2023,103.91,106.85,106.9,103.96,,-0.09%
01/13/2023,104,104.45,104.45,104.45,,-0.13%
2023/12/01,104.14,106.5,106.85,104.19,,0.04%
2023/11/01,104.1,106.5,106.5,104.215,,-0.86%
2023/10/01,105,106.5,106.5,104.12,,0.48%
2023/09/01,104.5,106.5,106.5,103.86,,1.06%
2023/06/01,103.4,103.8,103.85,103.75,,-0.10%
2023/05/01,103.5,106.5,106.5,103.595,,0.19%
2023/04/01,103.3,106.5,106.5,103.33,,-0.05%
2023/03/01,103.35,106.5,106.5,103.31,,-2.45%
2023/02/01,105.95,103.3,106.45,102.89,,3.37%
12/30/2022,102.5,103.1,103.1,103.1,,-0.10%
12/29/2022,102.6,106.4,106.4,102.66,,-2.66%
12/28/2022,105.4,103.4,106.04,102.69,,2.63%
12/27/2022,102.7,103.75,103.85,102.58,,-1.20%
12/26/2022,103.95,104,104,104,,-1.19%
12/23/2022,105.2,105.9,105.9,105.85,0.00K,0.00%
12/22/2022,105.2,104,105.935,102.87,0.01K,-0.19%
12/21/2022,105.4,104,106.02,102.74,0.01K,2.83%
12/20/2022,102.5,104.05,106.25,102.595,0.01K,-3.03%
12/19/2022,105.7,104.15,106.37,104.15,0.01K,1.54%
12/16/2022,104.1,104.25,104.25,104.25,,-0.10%
12/15/2022,104.2,103.85,104.4,103.85,0.00K,1.07%
12/14/2022,103.1,103.85,103.85,103.2,0.00K,-0.58%
12/13/2022,103.7,103.35,103.75,103.35,0.00K,0.10%
2022/12/12,103.6,103.35,103.9,102.86,0.00K,0.88%
2022/08/12,102.7,103.1,103.625,102.725,0.01K,-0.63%
2022/07/12,103.35,103.25,103.7,102.665,0.01K,0.24%
2022/06/12,103.1,103.15,103.55,103.05,0.01K,0.19%
2022/05/12,102.9,103,103.5,102.4,0.01K,0.68%
2022/02/12,102.2,102.4,102.4,102.4,,-0.10%
2022/01/12,102.3,101.7,102.6,101.45,0.01K,0.79%
11/30/2022,101.5,101.45,101.8,101.45,0.01K,0.10%
11/29/2022,101.4,101.45,105.55,101.45,0.01K,-3.43%
11/28/2022,105,101.8,105.65,101.64,0.01K,3.24%
11/25/2022,101.7,102.1,102.1,102.1,,-0.10%
11/24/2022,101.8,102.4,102.4,101.85,0.00K,0.20%
11/23/2022,101.6,103.4,103.4,101.83,0.01K,-0.59%
11/22/2022,102.2,103.4,103.4,102.335,0.00K,-0.58%
11/21/2022,102.8,103.4,103.575,102.94,0.00K,0.19%
11/18/2022,102.6,103.05,103.05,103.05,,-0.10%
11/17/2022,102.7,103.6,103.6,102.875,0.01K,0.10%
11/16/2022,102.6,102.55,103,102.55,0.00K,0.20%
11/15/2022,102.4,102.55,102.75,102.5,0.00K,0.29%
11/14/2022,102.1,101.7,102.67,101.7,0.01K,0.39%
2022/11/11,101.7,102.15,102.15,102.15,,-0.10%
2022/10/11,101.8,101.65,102.26,101.65,0.01K,-2.86%
2022/09/11,104.8,101.65,105.7,101.65,0.01K,3.42%
2022/08/11,101.33,101.85,101.85,101.38,0.01K,-0.36%
2022/07/11,101.7,102.2,102.375,101.8,0.00K,-0.93%
2022/04/11,102.65,102.65,102.65,102.65,,-0.05%
2022/03/11,102.7,101.95,102.8,101.9,0.00K,0.98%
2022/02/11,101.7,101.11,102.1,101.07,0.01K,0.89%
2022/01/11,100.8,101.45,101.9,100.905,0.01K,0.00%
10/31/2022,100.8,101.45,101.6,100.905,0.01K,-0.30%
10/28/2022,101.1,101.65,101.65,101.2,0.00K,-0.16%
10/27/2022,101.26,101.45,101.47,101.31,0.00K,-0.14%
10/26/2022,101.4,101.45,101.66,101.45,0.01K,-3.61%
10/25/2022,105.2,101.45,105.7,101.45,0.01K,3.65%
10/24/2022,101.5,100.95,101.78,100.95,0.00K,0.30%
10/20/2022,101.2,101.5,105.94,101.3,0.01K,-4.37%
10/19/2022,105.82,101.7,105.82,101.5,0.00K,0.02%
10/18/2022,105.8,102.925,105.85,101.73,0.01K,3.32%
10/17/2022,102.4,105.95,105.95,102.575,0.01K,0.49%
10/14/2022,101.9,102.75,102.75,102.65,0.00K,-0.10%
10/13/2022,102,105.6,105.6,102.065,0.01K,0.49%
2022/12/10,101.5,105.75,105.75,101.61,0.01K,-0.10%
2022/11/10,101.6,105,105,101.64,0.01K,0.34%
2022/10/10,101.26,102.3,105.25,100.68,0.00K,-1.59%
2022/06/10,102.9,101.01,103.575,101.01,0.01K,1.28%
2022/04/10,101.6,101.71,103.045,101.01,0.01K,0.10%
2022/03/10,101.5,101.7,102.08,101.25,0.01K,0.40%
09/30/2022,101.1,101.25,101.25,101.25,,-0.10%
09/29/2022,101.2,101.23,101.3,101.23,0.00K,-1.08%
09/28/2022,102.3,102.525,103.1,102.425,0.01K,1.47%
09/27/2022,100.82,102.43,102.43,100.87,,-1.73%
09/26/2022,102.6,100.87,103.15,100.87,0.00K,0.00%
09/23/2022,102.6,103.1,103.2,103.05,0.00K,-0.10%
09/22/2022,102.7,102.925,103.2,102.825,0.01K,-0.48%
09/21/2022,103.2,103.55,103.7,103.4,0.01K,-0.10%
09/20/2022,103.3,103.55,103.7,103.45,0.00K,-0.48%
09/19/2022,103.8,103.5,104.4,103.5,0.01K,0.00%
09/16/2022,103.8,104.4,104.4,104.4,,-0.10%
09/15/2022,103.9,104.5,104.5,103.05,0.01K,-0.05%
09/14/2022,103.95,102.43,104,102.43,0.01K,1.51%
2022/12/09,94.91,95.025,95.055,94.98,0.00K,0.00%
2022/09/09,94.91,95.395,95.43,95.395,0.00K,-0.09%
2022/08/09,95,95.025,95.025,95.025,,0.00%
2022/07/09,95,95.025,95.025,95.025,,0.09%
2022/06/09,94.91,95.025,95.055,94.98,0.01K,0.00%
2022/05/09,94.91,95.025,95.135,94.98,0.01K,0.09%
2022/02/09,94.82,95.11,95.11,95.11,,-0.09%
2022/01/09,94.91,95.025,95.055,94.98,0.00K,0.00%
08/31/2022,94.91,95.025,95.135,94.98,0.00K,-0.09%
08/30/2022,95,95.025,95.025,95.025,,0.09%
08/29/2022,94.91,95.025,95.27,94.89,0.01K,0.19%
08/26/2022,94.73,95.01,95.265,94.92,0.00K,-0.19%
08/25/2022,94.91,95.025,95.055,94.98,0.01K,0.00%
08/24/2022,94.91,95.025,95.055,94.98,0.01K,0.02%
08/23/2022,94.89,95.025,95.06,94.97,0.01K,-0.02%
08/22/2022,94.91,95.025,95.42,94.98,0.01K,-0.03%
08/19/2022,94.94,95.365,95.365,95.365,,0.03%
08/18/2022,94.91,95.01,95.01,95.01,,0.00%
08/17/2022,94.91,94.985,95.055,94.965,0.01K,0.00%
08/16/2022,94.91,95.025,95.03,94.98,0.01K,0.09%
08/15/2022,94.82,95.01,95.235,94.965,0.00K,-0.09%
2022/11/08,94.91,94.975,95.095,94.93,0.01K,-0.04%
2022/10/08,94.95,94.7,95.07,94.7,0.01K,0.36%
2022/09/08,94.61,94.965,95.05,94.865,0.00K,-0.10%
2022/08/08,94.7,94.7,94.725,94.7,0.01K,0.28%
2022/05/08,94.44,94.965,94.965,94.965,,-0.10%
2022/04/08,94.53,94.725,94.76,94.64,0.01K,-0.18%
2022/03/08,94.7,94.71,94.755,94.68,0.01K,0.00%
2022/02/08,94.7,94.7,94.725,94.7,0.01K,0.10%
2022/01/08,94.61,94.7,95.01,94.595,0.01K,0.18%
07/29/2022,94.44,94.88,94.88,94.88,,-0.10%
07/28/2022,94.53,94.725,94.76,94.64,0.01K,-0.08%
07/27/2022,94.61,94.7,94.83,94.68,0.01K,-0.10%
07/26/2022,94.7,94.45,94.755,94.45,0.01K,0.51%
07/25/2022,94.22,94.475,94.65,94.36,0.01K,-0.10%
07/22/2022,94.31,94.575,94.575,94.575,,-0.10%
07/21/2022,94.4,93.95,94.45,93.95,0.01K,0.48%
07/20/2022,93.95,93.975,93.975,93.95,0.00K,0.00%
07/19/2022,93.95,93.95,93.975,93.95,0.01K,0.34%
07/18/2022,93.63,93.975,94.08,93.5,0.01K,-0.29%
07/14/2022,93.9,93.975,93.975,93.95,0.00K,0.10%
07/13/2022,93.81,93.45,94.035,93.45,0.01K,0.44%
2022/12/07,93.4,93.475,93.475,93.45,0.01K,0.43%
2022/11/07,93,93.515,93.68,93.425,0.00K,-0.19%
2022/08/07,93.18,93.415,93.58,93.35,0.00K,-0.19%
2022/07/07,93.36,93.45,93.485,93.405,0.01K,0.05%
2022/06/07,93.31,93.45,93.485,93.405,0.01K,-0.05%
2022/05/07,93.36,93.475,93.48,93.43,0.01K,-0.04%
2022/04/07,93.4,93.475,93.475,93.45,0.01K,-0.05%
06/30/2022,93.45,93.475,93.475,93.45,0.00K,0.05%
06/29/2022,93.4,93.475,93.475,93.45,0.00K,0.10%
06/28/2022,93.31,92.95,93.455,92.86,0.01K,0.64%
06/27/2022,92.72,92.975,93.065,92.815,0.01K,0.10%
06/23/2022,92.63,92.975,92.99,92.815,0.01K,-0.25%
06/22/2022,92.86,92.95,92.985,92.86,0.01K,0.15%
06/21/2022,92.72,92.9,92.96,92.86,0.01K,-0.19%
06/20/2022,92.9,92.925,92.95,92.925,0.01K,0.10%
06/17/2022,92.81,92.915,92.915,92.915,,-0.10%
06/16/2022,92.9,92.95,92.95,92.9,0.00K,0.10%
06/15/2022,92.81,92.9,92.955,92.9,0.01K,-0.92%
06/14/2022,93.67,92.95,93.915,92.75,0.01K,-0.10%
06/13/2022,93.76,92.95,93.91,92.95,0.01K,1.02%
2022/09/06,92.81,92.95,93.03,92.905,0.01K,-0.10%
2022/08/06,92.9,92.5,92.975,92.3,0.01K,1.03%
2022/07/06,91.95,92.55,92.95,92.275,0.01K,0.79%
2022/06/06,91.23,91.55,91.94,91.415,0.01K,2.71%
2022/03/06,88.82,89.325,89.325,89.325,,-0.10%
2022/02/06,88.91,89.075,89.08,89.03,0.01K,0.00%
2022/01/06,88.91,89.075,89.08,89.03,0.01K,0.00%
05/31/2022,88.91,89.075,89.08,89.03,0.01K,-0.10%
05/30/2022,89,87.95,89.075,87.95,0.01K,1.56%
05/27/2022,87.63,87.935,87.935,87.935,,-0.10%
05/26/2022,87.72,87.95,87.965,87.86,0.01K,-0.10%
05/25/2022,87.81,87.95,87.96,87.905,0.01K,0.10%
05/24/2022,87.72,87.95,87.96,87.86,0.01K,0.00%
05/23/2022,87.72,87.55,87.965,87.55,0.01K,0.67%
05/20/2022,87.14,87.53,87.545,87.485,0.00K,-0.21%
05/19/2022,87.32,87.55,87.56,87.46,0.01K,-0.10%
05/18/2022,87.41,87.55,87.56,87.505,0.01K,0.00%
05/17/2022,87.41,87.55,87.555,87.505,0.01K,0.00%
05/16/2022,87.41,87.55,87.555,87.505,0.01K,0.92%
05/13/2022,86.61,86.93,86.93,86.93,,-0.10%
2022/12/05,86.7,86.695,86.725,86.695,0.01K,0.10%
2022/11/05,86.61,86.695,86.73,86.655,0.01K,-0.10%
2022/10/05,86.7,86.695,86.725,86.695,0.01K,0.21%
2022/09/05,86.52,86.445,86.74,86.445,0.01K,0.39%
2022/06/05,86.18,86.445,86.605,86.355,0.00K,-0.21%
2022/05/05,86.36,86.475,86.49,86.43,0.01K,0.10%
2022/04/05,86.27,86.77,86.81,86.77,0.00K,0.10%
2022/03/05,86.18,86.76,86.76,86.76,,-0.10%
2022/02/05,86.27,86.77,86.77,86.77,,-0.10%
04/29/2022,86.36,86.615,86.69,86.615,0.00K,0.00%
04/28/2022,86.36,86.475,86.56,86.405,0.01K,0.00%
04/27/2022,86.36,86.445,86.565,86.405,0.01K,0.00%
04/26/2022,86.36,86.195,86.545,86.155,0.01K,0.29%
04/25/2022,86.11,86.225,86.32,86.18,0.00K,0.10%
04/22/2022,86.02,86.43,86.45,86.385,0.00K,-0.21%
04/21/2022,86.2,86.195,86.225,86.195,0.01K,0.00%
04/20/2022,86.2,86.195,86.225,86.195,0.01K,0.10%
04/19/2022,86.11,86.195,86.315,86.155,0.01K,0.09%
04/18/2022,86.03,86.225,86.315,86.115,0.01K,0.10%
04/14/2022,85.94,86.465,86.47,86.425,0.00K,-0.20%
04/13/2022,86.11,86.195,86.39,86.155,0.01K,0.21%
2022/12/04,85.93,86.225,86.325,86.065,0.01K,-0.01%
2022/11/04,85.94,86.225,86.325,86.095,0.01K,-0.09%
2022/08/04,86.02,86.55,86.555,86.55,0.00K,-0.10%
2022/07/04,86.11,86.225,86.325,86.13,0.01K,0.12%
2022/06/04,86.01,86.195,86.315,86.105,0.01K,-0.10%
2022/05/04,86.1,86.225,86.32,86.115,0.01K,0.08%
2022/04/04,86.03,86.225,86.62,86.115,0.01K,-0.09%
2022/01/04,86.11,86.275,86.575,86.275,0.00K,-0.10%
03/31/2022,86.2,86.195,86.225,86.195,0.01K,0.00%
03/30/2022,86.2,86.195,86.225,86.195,0.01K,0.00%
03/29/2022,86.2,86.225,86.225,86.195,0.00K,0.10%
03/28/2022,86.11,86.195,86.32,86.155,0.01K,0.10%
03/25/2022,86.02,86.275,86.485,86.23,0.00K,-0.10%
03/24/2022,86.11,86.195,86.32,86.025,0.01K,-0.09%
03/23/2022,86.19,86.225,86.225,85.975,0.01K,-0.01%
03/22/2022,86.2,85.975,86.225,85.975,0.01K,0.23%
03/21/2022,86,85.975,86.025,85.975,0.01K,0.10%
03/17/2022,85.91,86.27,86.27,86.27,,-0.10%
03/16/2022,86,85.975,86.025,85.975,0.01K,0.16%
03/15/2022,85.86,85.975,86.12,85.93,0.01K,-0.06%
03/14/2022,85.91,85.975,86.12,85.955,0.01K,0.10%
2022/11/03,85.82,86.06,86.225,86.015,0.00K,-0.10%
2022/10/03,85.91,85.975,86.105,85.955,0.01K,0.00%
2022/09/03,85.91,85.975,86.03,85.93,0.01K,0.06%
2022/08/03,85.86,85.975,86.005,85.93,0.01K,-0.10%
2022/07/03,85.95,86.025,86.025,85.975,0.01K,0.24%
2022/04/03,85.74,86.145,86.21,86.06,0.00K,-0.20%
2022/03/03,85.91,85.975,86.19,85.955,0.01K,0.15%
2022/02/03,85.78,85.795,86.095,85.79,0.01K,0.09%
2022/01/03,85.7,85.975,86.02,85.75,0.01K,-0.08%
02/28/2022,85.77,85.975,86.085,85.885,0.01K,-0.21%
02/24/2022,85.95,85.975,85.975,85.975,,0.10%
02/23/2022,85.86,85.975,86.14,85.93,0.01K,0.09%
02/22/2022,85.78,85.975,86.08,85.89,0.01K,0.01%
02/18/2022,85.77,86.11,86.11,86.11,,-0.10%
02/17/2022,85.86,85.975,86.14,85.93,0.01K,0.00%
02/16/2022,85.86,85.975,85.98,85.93,0.01K,0.12%
02/15/2022,85.76,85.975,85.99,85.88,0.01K,-0.05%
02/14/2022,85.8,85.975,86.44,85.885,0.01K,0.03%
2022/11/02,85.77,85.935,86.395,85.89,0.00K,-0.21%
2022/10/02,85.95,85.975,85.975,85.975,,0.10%
2022/09/02,85.86,85.975,85.99,85.9,0.01K,0.07%
2022/08/02,85.8,85.975,85.99,85.9,0.01K,0.01%
2022/07/02,85.79,85.975,86.105,85.85,0.01K,0.11%
2022/04/02,85.7,85.98,85.98,85.98,,-0.10%
2022/03/02,85.79,85.975,85.99,85.895,0.01K,-0.01%
2022/02/02,85.8,85.975,86,85.9,0.01K,-0.17%
2022/01/02,85.95,85.975,85.975,85.975,,0.17%
01/31/2022,85.8,85.975,86,85.9,0.01K,-0.07%
01/27/2022,85.86,85.975,85.98,85.93,0.01K,0.00%
01/26/2022,85.86,85.975,85.985,85.93,0.01K,0.00%
01/25/2022,85.86,85.975,85.995,85.93,0.01K,0.07%
01/24/2022,85.8,85.975,86,85.9,0.01K,-0.07%
01/20/2022,85.86,85.975,85.985,85.93,0.01K,0.00%
01/19/2022,85.86,85.975,85.98,85.93,0.01K,0.14%
01/18/2022,85.74,85.975,85.99,85.87,0.01K,-0.24%
01/17/2022,85.95,85.975,85.975,85.975,,0.16%
01/13/2022,85.81,85.975,85.985,85.905,0.01K,-0.06%
2022/12/01,85.86,85.975,85.985,85.9,0.01K,0.07%
2022/11/01,85.8,85.975,85.985,85.9,0.01K,0.00%
2022/10/01,85.8,85.975,85.99,85.845,0.01K,0.13%
2022/07/01,85.69,85.935,85.945,85.85,0.00K,-0.20%
2022/06/01,85.86,85.775,85.98,85.775,0.01K,0.34%
2022/05/01,85.57,85.795,85.81,85.685,0.01K,-0.15%
2022/04/01,85.7,85.775,85.805,85.75,0.01K,0.09%
2022/03/01,85.62,85.775,85.82,85.71,0.01K,0.00%
12/30/2021,85.62,85.775,85.81,85.71,0.01K,0.00%
12/29/2021,85.62,85.775,85.81,85.71,0.01K,-0.09%
12/28/2021,85.7,85.795,85.825,85.75,0.01K,0.00%
12/27/2021,85.7,85.775,85.825,85.75,0.01K,0.15%
12/24/2021,85.57,85.7,85.7,85.7,,-0.06%
12/23/2021,85.62,85.72,85.805,85.71,0.01K,-0.09%
12/22/2021,85.7,85.795,85.81,85.71,0.01K,0.09%
12/21/2021,85.62,85.775,85.81,85.71,0.01K,-0.09%
12/20/2021,85.7,85.795,85.835,85.75,0.00K,0.39%
12/17/2021,85.37,85.81,85.815,85.78,0.00K,-0.18%
12/16/2021,85.52,85.86,85.885,85.815,0.00K,-0.21%
12/15/2021,85.7,85.775,85.805,85.75,0.01K,0.16%
12/14/2021,85.56,85.795,85.925,85.68,0.01K,-0.06%
12/13/2021,85.61,85.775,85.925,85.65,0.01K,0.13%
2021/10/12,85.5,85.725,85.81,85.68,0.00K,-0.19%
2021/09/12,85.66,85.795,85.825,85.73,0.01K,0.11%
2021/08/12,85.57,85.715,85.925,85.685,0.01K,-0.11%
2021/07/12,85.66,85.795,85.925,85.705,0.01K,0.06%
2021/06/12,85.61,85.795,85.925,85.705,0.01K,0.20%
2021/03/12,85.44,85.755,85.905,85.625,0.00K,-0.21%
2021/02/12,85.62,85.775,85.925,85.71,0.01K,0.01%
2021/01/12,85.61,85.795,85.925,85.705,0.01K,0.00%
11/30/2021,85.61,85.775,85.925,85.705,0.01K,-0.01%
11/29/2021,85.62,85.795,86.4,85.71,0.01K,-0.02%
11/26/2021,85.64,85.715,86.305,85.715,0.00K,-0.17%
11/25/2021,85.79,85.975,85.975,85.775,0.00K,0.11%
11/24/2021,85.7,85.925,85.925,85.75,0.01K,0.12%
11/23/2021,85.6,85.795,85.975,85.7,0.01K,-0.01%
11/22/2021,85.61,85.775,85.925,85.705,0.01K,-0.63%
11/19/2021,86.155,86.14,86.155,86.14,0.00K,0.68%
11/18/2021,85.57,85.775,85.925,85.685,0.01K,0.01%
11/17/2021,85.56,85.795,85.83,85.68,0.01K,-0.16%
11/16/2021,85.7,85.775,85.83,85.75,0.01K,-0.10%
11/15/2021,85.79,85.775,85.795,85.775,0.01K,0.26%
2021/12/11,85.57,85.735,85.985,85.69,0.01K,-0.21%
2021/11/11,85.75,85.825,85.825,85.775,0.00K,0.11%
2021/10/11,85.66,85.745,85.8,85.705,0.01K,0.12%
2021/09/11,85.56,85.745,85.825,85.655,0.01K,-0.04%
2021/08/11,85.59,85.725,85.95,85.545,0.01K,0.23%
2021/05/11,85.39,85.775,85.79,85.73,0.00K,-0.21%
2021/04/11,85.57,85.775,85.81,85.615,0.01K,0.05%
2021/03/11,85.53,85.925,85.925,85.615,0.01K,-0.08%
2021/02/11,85.6,85.675,85.74,85.585,0.01K,0.15%
2021/01/11,85.47,85.675,85.735,85.585,0.01K,0.07%
10/29/2021,85.41,85.66,85.81,85.585,,-0.18%
10/28/2021,85.56,85.925,85.925,85.58,0.01K,0.06%
10/27/2021,85.51,85.645,85.925,85.57,0.01K,-0.05%
10/26/2021,85.55,85.625,85.925,85.6,0.01K,0.08%
10/25/2021,85.48,85.625,85.925,85.565,0.01K,0.26%
10/22/2021,85.26,85.69,85.77,85.515,0.00K,-0.27%
10/21/2021,85.49,85.645,85.89,85.43,0.01K,0.27%
10/20/2021,85.26,85.675,85.675,85.665,0.00K,-0.11%
10/19/2021,85.35,85.615,85.72,85.485,0.02K,-0.12%
10/18/2021,85.45,85.645,85.71,85.55,0.01K,0.45%
10/15/2021,85.07,85.64,85.655,85.585,0.00K,-0.33%
10/14/2021,85.35,85.625,85.825,85.495,0.01K,0.01%
10/13/2021,85.34,85.925,85.95,85.495,0.01K,0.12%
2021/12/10,85.24,85.775,85.85,85.4,0.02K,-0.36%
2021/11/10,85.55,85.625,85.625,85.575,0.01K,0.41%
2021/08/10,85.2,85.565,85.565,85.565,,-0.20%
2021/07/10,85.37,85.875,85.95,85.485,0.01K,-0.11%
2021/06/10,85.46,85.76,85.965,85.475,0.01K,-0.08%
2021/05/10,85.53,85.64,85.825,85.475,0.01K,0.34%
2021/04/10,85.24,85.475,85.66,85.37,0.01K,-0.02%
2021/01/10,85.26,85.725,85.765,85.64,0.00K,-0.40%
09/30/2021,85.6,85.475,85.66,85.465,0.01K,0.36%
09/29/2021,85.29,85.65,85.695,85.295,0.01K,0.24%
09/28/2021,85.09,85.545,85.68,85.245,0.02K,0.40%
09/27/2021,84.75,85.46,85.575,84.98,0.01K,0.17%
09/24/2021,84.61,85.16,85.17,85.095,0.00K,-0.35%
09/23/2021,84.91,85.275,85.49,85.105,0.01K,-0.32%
09/22/2021,85.18,85.275,85.395,85.24,0.01K,0.24%
09/21/2021,84.98,85.275,85.395,85.14,0.02K,0.41%
09/20/2021,84.63,85.31,85.345,84.94,0.01K,-0.13%
09/17/2021,84.74,85.275,85.3,85.105,0.00K,-0.60%
09/16/2021,85.25,85.175,85.315,85.14,0.01K,0.60%
09/15/2021,84.74,85.225,85.315,84.97,0.01K,-0.54%
09/14/2021,85.2,85.175,85.24,85.115,0.01K,0.26%
09/13/2021,84.98,85.2,85.235,85.09,0.01K,0.58%
2021/10/09,84.49,85.025,85.035,84.95,0.00K,-0.38%
2021/09/09,84.81,85.175,85.22,85.005,0.01K,0.00%
2021/08/09,84.81,85.175,85.245,85.005,0.01K,0.32%
2021/07/09,84.54,85.175,85.27,84.87,0.01K,-0.72%
2021/06/09,85.15,85.175,85.225,85.175,0.01K,0.20%
2021/02/09,84.98,85.175,85.235,85.09,0.01K,0.40%
2021/01/09,84.64,85.15,85.24,84.92,0.01K,-0.46%
08/31/2021,85.03,85.35,85.35,85.14,0.01K,0.40%
08/30/2021,84.69,85.25,85.27,85.08,0.00K,-0.26%
08/27/2021,84.91,85.275,85.285,85.19,0.00K,-0.40%
08/26/2021,85.25,85.15,85.36,85.14,0.02K,0.54%
08/25/2021,84.79,85.125,85.405,84.97,0.01K,0.06%
08/24/2021,84.74,85.225,85.355,84.945,0.01K,-0.08%
08/23/2021,84.81,85.075,85.27,84.955,0.01K,0.39%
08/20/2021,84.48,85.085,85.105,84.97,0.00K,-0.47%
08/19/2021,84.88,84.9,85.185,84.765,0.01K,0.35%
08/18/2021,84.58,84.94,85.055,84.77,0.01K,0.00%
08/17/2021,84.58,84.87,85.12,84.63,0.01K,0.26%
08/16/2021,84.36,84.82,85.08,84.46,0.02K,0.33%
08/13/2021,84.08,84.66,84.66,84.61,0.00K,-0.20%
2021/12/08,84.25,84.82,84.965,84.545,0.01K,-0.09%
2021/11/08,84.33,84.83,84.95,84.585,0.01K,-0.17%
2021/10/08,84.47,84.82,84.96,84.65,0.01K,-0.01%
2021/09/08,84.48,84.82,84.985,84.51,0.01K,0.37%
2021/06/08,84.17,84.67,84.67,84.67,,-0.05%
2021/05/08,84.21,84.82,84.98,84.51,0.01K,-0.71%
2021/03/08,84.81,84.805,84.82,84.805,0.01K,0.01%
2021/02/08,84.8,84.81,84.81,84.795,0.01K,0.65%
07/30/2021,84.25,84.875,84.885,84.805,0.00K,-0.25%
07/29/2021,84.46,84.805,85.07,84.615,0.01K,0.05%
07/28/2021,84.42,84.805,85.04,84.475,0.01K,-0.45%
07/27/2021,84.8,84.805,84.805,84.805,,0.00%
07/26/2021,84.8,84.805,84.805,84.805,,0.78%
07/23/2021,84.14,84.825,84.855,84.67,0.00K,-0.57%
07/22/2021,84.62,84.885,84.885,84.885,,-0.20%
07/19/2021,84.79,84.805,84.805,84.795,0.01K,-0.01%
07/15/2021,84.8,84.805,84.805,84.805,,0.00%
07/14/2021,84.8,84.805,84.805,84.805,,0.00%
07/13/2021,84.8,84.805,84.805,84.805,,0.34%
2021/12/07,84.51,84.805,84.85,84.66,0.01K,0.46%
2021/09/07,84.12,84.785,84.805,84.615,0.00K,-0.60%
2021/08/07,84.63,84.805,84.84,84.72,0.01K,0.00%
2021/07/07,84.63,84.805,84.835,84.72,0.01K,0.25%
2021/06/07,84.42,84.805,84.86,84.615,0.01K,-0.25%
2021/05/07,84.63,84.85,84.85,84.72,0.01K,0.34%
2021/02/07,84.34,84.825,84.825,84.825,,-0.07%
2021/01/07,84.4,84.755,84.93,84.67,0.00K,-0.20%
06/30/2021,84.57,84.73,84.87,84.665,0.01K,-0.07%
06/29/2021,84.63,84.805,84.86,84.72,0.01K,0.23%
06/28/2021,84.44,84.805,84.89,84.62,0.01K,0.29%
06/25/2021,84.2,84.725,84.725,84.64,0.00K,-0.37%
06/24/2021,84.51,84.805,84.895,84.655,0.01K,0.18%
06/23/2021,84.36,84.795,84.875,84.58,0.01K,-0.04%
06/22/2021,84.39,84.795,84.86,84.595,0.01K,-0.14%
06/21/2021,84.51,84.795,84.845,84.655,0.01K,0.07%
06/18/2021,84.45,84.78,84.78,84.78,,-0.20%
06/17/2021,84.62,84.805,84.84,84.71,0.01K,-0.01%
06/16/2021,84.63,84.795,84.835,84.715,0.01K,0.01%
06/15/2021,84.62,84.795,84.835,84.71,0.01K,0.27%
06/14/2021,84.39,84.805,85.03,84.57,0.01K,0.06%
2021/11/06,84.34,84.71,84.945,84.625,0.00K,-0.54%
2021/10/06,84.8,84.795,84.805,84.795,0.01K,0.34%
2021/09/06,84.51,84.805,84.855,84.625,0.01K,0.07%
2021/08/06,84.45,84.795,84.855,84.54,0.01K,0.20%
2021/07/06,84.28,84.795,84.925,84.405,0.01K,0.32%
2021/04/06,84.01,84.62,84.64,84.515,0.00K,-0.45%
2021/03/06,84.39,84.795,84.86,84.595,0.01K,-0.27%
2021/02/06,84.62,84.795,84.835,84.71,0.00K,0.26%
2021/01/06,84.4,84.795,84.845,84.6,0.01K,-0.17%
05/31/2021,84.54,84.795,84.86,84.67,0.01K,0.31%
05/28/2021,84.28,84.775,84.785,84.69,0.00K,-0.40%
05/27/2021,84.62,84.795,84.83,84.71,0.01K,0.46%
05/26/2021,84.23,84.7,84.895,84.56,0.00K,-0.33%
05/25/2021,84.51,84.795,84.865,84.595,0.01K,0.14%
05/24/2021,84.39,84.795,85.005,84.535,0.01K,0.14%
05/21/2021,84.27,84.81,84.835,84.72,0.01K,-0.41%
05/20/2021,84.62,84.795,84.9,84.71,0.01K,0.00%
05/19/2021,84.62,84.795,84.84,84.655,0.01K,0.13%
05/18/2021,84.51,84.795,84.84,84.655,0.01K,0.00%
05/17/2021,84.51,84.795,84.845,84.655,0.01K,0.54%
05/14/2021,84.06,84.79,84.79,84.605,0.01K,-0.46%
05/13/2021,84.45,84.78,84.785,84.78,0.00K,-0.20%
2021/12/05,84.62,84.795,84.835,84.71,0.00K,0.27%
2021/11/05,84.39,84.795,84.85,84.595,0.01K,-0.07%
2021/10/05,84.45,84.885,84.91,84.8,0.00K,0.20%
2021/07/05,84.28,84.745,84.87,84.575,0.00K,-0.40%
2021/06/05,84.62,84.795,84.94,84.545,0.01K,0.39%
2021/05/05,84.29,84.795,84.94,84.545,0.01K,-0.39%
2021/04/05,84.62,84.795,84.835,84.71,0.01K,0.00%
2021/03/05,84.62,84.795,84.965,84.54,0.01K,0.40%
04/30/2021,84.28,84.745,84.88,84.575,0.00K,-0.40%
04/29/2021,84.62,84.795,84.83,84.71,0.01K,0.00%
04/28/2021,84.62,84.795,84.835,84.71,0.01K,0.00%
04/27/2021,84.62,84.795,84.83,84.71,0.01K,0.00%
04/26/2021,84.62,84.795,84.835,84.71,0.01K,0.53%
04/23/2021,84.17,84.7,84.8,84.53,0.00K,-0.40%
04/22/2021,84.51,84.795,84.84,84.655,0.01K,0.14%
04/21/2021,84.39,84.795,84.85,84.595,0.01K,-0.14%
04/20/2021,84.51,84.795,84.84,84.655,0.01K,0.00%
04/19/2021,84.51,84.795,84.84,84.655,0.01K,0.27%
04/16/2021,84.28,84.745,84.875,84.575,0.00K,-0.40%
04/15/2021,84.62,84.795,84.83,84.71,0.01K,0.00%
04/13/2021,84.62,84.795,84.835,84.71,0.01K,0.32%
2021/12/04,84.35,84.795,85,84.48,0.01K,0.23%
2021/09/04,84.16,84.755,84.755,84.675,0.00K,-0.32%
2021/08/04,84.43,84.795,84.85,84.615,0.01K,-0.22%
2021/07/04,84.62,84.8,84.835,84.71,0.00K,0.00%
2021/06/04,84.62,84.795,84.83,84.71,0.01K,0.27%
2021/05/04,84.39,84.795,84.915,84.5,0.01K,0.23%
2021/02/04,84.2,84.71,84.745,84.585,0.00K,-0.40%
2021/01/04,84.54,84.795,84.92,84.585,0.01K,0.20%
03/31/2021,84.37,84.795,84.92,84.585,0.01K,-0.09%
03/30/2021,84.45,84.775,84.79,84.775,0.00K,-0.20%
03/29/2021,84.62,84.795,84.83,84.71,0.00K,0.70%
03/26/2021,84.03,84.655,84.675,84.53,0.00K,-0.50%
03/25/2021,84.45,84.795,84.84,84.625,0.01K,-0.13%
03/24/2021,84.56,84.795,84.84,84.68,0.01K,0.23%
03/23/2021,84.37,84.805,84.905,84.585,0.02K,-0.02%
03/22/2021,84.39,84.795,84.86,84.595,0.01K,0.30%
03/19/2021,84.14,84.675,84.82,84.52,0.01K,-0.05%
03/18/2021,84.18,84.795,84.95,84.49,0.01K,-0.72%
03/16/2021,84.79,84.795,84.795,84.795,,0.40%
03/15/2021,84.45,84.795,84.845,84.625,0.01K,-0.18%
2021/12/03,84.6,84.715,84.885,84.43,0.01K,0.07%
2021/11/03,84.54,84.805,84.845,84.67,0.01K,0.00%
2021/10/03,84.54,84.805,84.86,84.67,0.01K,-0.06%
2021/09/03,84.59,84.795,84.865,84.695,0.01K,0.00%
2021/08/03,84.59,84.805,84.975,84.695,0.01K,-0.04%
2021/05/03,84.62,84.665,84.885,84.665,0.00K,-0.20%
2021/04/03,84.79,84.805,84.805,84.795,0.01K,0.40%
2021/03/03,84.45,84.805,84.85,84.625,0.01K,0.00%
2021/02/03,84.45,84.805,84.895,84.625,0.01K,0.46%
2021/01/03,84.06,84.805,84.975,84.43,0.01K,-0.66%
02/26/2021,84.62,84.885,84.885,84.885,,-0.20%
02/25/2021,84.79,84.795,84.805,84.795,0.00K,0.20%
02/24/2021,84.62,84.805,84.83,84.71,0.01K,0.30%
02/23/2021,84.37,84.805,84.87,84.485,0.01K,0.24%
02/22/2021,84.17,84.795,84.91,84.485,0.01K,-0.12%
02/19/2021,84.27,84.665,84.73,84.58,0.00K,-0.20%
02/18/2021,84.44,84.795,84.84,84.62,0.01K,-0.14%
02/17/2021,84.56,84.795,84.84,84.68,0.01K,0.54%
02/16/2021,84.11,84.805,84.865,84.455,0.01K,-0.61%
02/15/2021,84.63,84.795,84.905,84.51,0.01K,0.49%
2021/12/02,84.22,84.685,84.7,84.6,0.00K,-0.38%
2021/11/02,84.54,84.795,84.875,84.585,0.01K,-0.29%
2021/10/02,84.79,84.805,84.805,84.795,0.01K,0.50%
2021/09/02,84.37,84.805,84.875,84.585,0.01K,-0.08%
2021/08/02,84.44,84.795,84.97,84.415,0.01K,0.49%
2021/05/02,84.03,84.725,84.84,84.47,0.01K,-0.60%
2021/04/02,84.54,84.805,84.855,84.67,0.01K,0.31%
2021/03/02,84.28,84.805,84.915,84.54,0.01K,-0.20%
2021/02/02,84.45,84.805,85.055,84.585,0.01K,-0.40%
2021/01/02,84.79,84.805,84.805,84.795,0.01K,0.50%
01/29/2021,84.37,84.83,84.84,84.83,0.00K,-0.20%
01/28/2021,84.54,84.805,84.855,84.67,0.01K,-0.05%
01/27/2021,84.58,84.805,84.835,84.69,0.01K,0.53%
01/26/2021,84.13,84.805,84.855,84.465,0.01K,-0.19%
01/25/2021,84.29,84.805,84.885,84.545,0.01K,0.17%
01/22/2021,84.15,84.695,84.9,84.625,0.01K,-0.75%
01/21/2021,84.79,84.805,84.805,84.795,0.01K,0.59%
01/20/2021,84.29,84.795,84.95,84.545,0.01K,0.01%
01/19/2021,84.28,84.805,84.955,84.54,0.01K,-0.61%
01/18/2021,84.8,84.795,84.805,84.795,0.01K,0.62%
01/14/2021,84.28,84.805,84.965,84.54,0.01K,0.15%
01/13/2021,84.15,84.795,84.99,84.475,0.02K,-0.17%
2021/12/01,84.29,84.795,84.94,84.545,0.01K,0.01%
2021/11/01,84.28,84.795,84.955,84.455,0.01K,-0.06%
2021/08/01,84.33,84.765,84.765,84.765,,0.00%
2021/07/01,84.33,84.805,84.99,84.54,0.02K,-0.54%
2021/06/01,84.79,84.795,84.805,84.795,0.00K,0.59%
2021/05/01,84.29,84.805,84.935,84.525,0.01K,0.05%
2021/04/01,84.25,84.805,84.935,84.48,0.01K,-0.96%
2021/01/01,85.069,85.069,85.069,85.069,,0.95%
12/31/2020,84.27,84.575,84.62,84.47,0.01K,-0.21%
12/30/2020,84.45,84.805,84.885,84.625,0.01K,-0.01%
12/29/2020,84.46,84.795,84.885,84.63,0.01K,-0.04%
12/28/2020,84.49,84.805,84.95,84.625,0.01K,-0.02%
12/24/2020,84.51,84.805,84.955,84.655,0.01K,0.07%
12/23/2020,84.45,84.795,84.95,84.585,0.01K,0.09%
12/22/2020,84.37,84.795,84.94,84.585,0.01K,0.06%
12/21/2020,84.32,84.795,84.955,84.54,0.01K,0.17%
12/18/2020,84.18,84.835,84.865,84.61,0.00K,-0.53%
12/17/2020,84.63,84.805,84.92,84.715,0.01K,0.24%
12/16/2020,84.43,84.815,84.825,84.76,0.00K,-0.13%
12/15/2020,84.54,84.795,84.935,84.595,0.01K,0.18%
12/14/2020,84.39,84.795,84.925,84.54,0.01K,-0.13%
2020/11/12,84.5,84.715,84.765,84.55,0.01K,0.06%
2020/10/12,84.45,84.79,84.925,84.6,0.01K,-0.01%
2020/09/12,84.46,84.795,84.915,84.6,0.01K,0.07%
2020/08/12,84.4,84.795,84.92,84.6,0.01K,-0.06%
2020/07/12,84.45,84.805,85.045,84.49,0.01K,0.32%
2020/04/12,84.18,84.79,84.9,84.65,0.01K,-0.25%
2020/03/12,84.39,84.805,84.995,84.485,0.01K,0.04%
2020/02/12,84.36,84.805,84.985,84.54,0.01K,0.00%
2020/01/12,84.36,84.805,84.975,84.58,0.02K,-0.12%
11/30/2020,84.46,84.795,84.98,84.63,0.01K,0.01%
11/27/2020,84.45,84.725,84.735,84.64,0.00K,-0.40%
11/26/2020,84.79,84.795,84.805,84.795,0.01K,0.39%
11/25/2020,84.46,84.805,84.835,84.63,0.01K,0.01%
11/24/2020,84.45,84.805,84.84,84.625,0.01K,0.05%
11/23/2020,84.41,84.795,85.015,84.35,0.01K,-0.18%
11/20/2020,84.565,84.695,84.73,84.53,0.00K,0.28%
11/19/2020,84.33,84.805,85.005,84.46,0.01K,0.05%
11/18/2020,84.29,84.795,85.005,84.435,0.01K,0.11%
11/17/2020,84.2,84.805,84.95,84.5,0.01K,-0.30%
11/16/2020,84.45,84.795,85.06,84.605,0.01K,0.05%
11/13/2020,84.41,84.915,84.915,84.865,0.00K,0.05%
2020/12/11,84.37,84.795,85.05,84.575,0.01K,-0.04%
2020/11/11,84.4,84.795,85,84.505,0.01K,0.01%
2020/10/11,84.39,84.795,84.95,84.54,0.01K,-0.05%
2020/09/11,84.43,84.805,84.935,84.6,0.01K,0.07%
2020/06/11,84.37,84.795,84.805,84.72,0.00K,-0.07%
2020/05/11,84.43,84.8,84.93,84.615,0.01K,0.25%
2020/04/11,84.22,84.795,84.965,84.485,0.01K,-0.67%
2020/03/11,84.79,84.805,84.805,84.795,0.01K,0.74%
2020/02/11,84.17,84.795,85.02,84.485,0.01K,-0.14%
10/30/2020,84.29,84.875,84.895,84.745,0.00K,-0.33%
10/29/2020,84.57,84.795,84.99,84.685,0.01K,0.50%
10/28/2020,84.15,84.795,84.99,84.46,0.01K,-0.37%
10/27/2020,84.46,84.795,84.855,84.63,0.01K,-0.20%
10/26/2020,84.63,84.725,84.745,84.725,0.00K,0.00%
10/23/2020,84.63,84.83,84.86,84.83,0.00K,0.00%
10/22/2020,84.63,84.795,84.905,84.715,0.02K,0.00%
10/21/2020,84.63,84.805,85.015,84.715,0.02K,0.00%
10/20/2020,84.63,84.805,85.015,84.715,0.02K,0.00%
10/19/2020,84.63,84.795,84.955,84.715,0.01K,0.00%
10/16/2020,84.63,84.81,84.83,84.81,0.00K,0.00%
10/15/2020,84.63,84.805,84.885,84.715,0.01K,0.00%
10/14/2020,84.63,84.795,84.895,84.715,0.01K,0.00%
10/13/2020,84.63,84.795,84.915,84.715,0.02K,-0.19%
2020/12/10,84.79,84.795,84.795,84.795,,0.19%
2020/09/10,84.63,84.75,84.79,84.75,0.01K,0.00%
2020/08/10,84.63,84.795,84.875,84.715,0.01K,0.00%
2020/07/10,84.63,84.795,84.895,84.715,0.01K,0.00%
2020/06/10,84.63,84.8,84.89,84.715,0.01K,0.00%
2020/05/10,84.63,84.795,84.87,84.715,0.01K,0.00%
2020/02/10,84.63,84.78,84.83,84.78,0.01K,0.00%
2020/01/10,84.63,84.795,84.86,84.715,0.01K,-0.19%
09/30/2020,84.79,84.805,84.81,84.795,0.01K,0.19%
09/29/2020,84.63,84.795,85.015,84.715,0.01K,0.00%
09/28/2020,84.63,84.795,85.015,84.715,0.08K,0.00%
09/25/2020,84.63,84.77,84.81,84.77,0.01K,0.00%
09/24/2020,84.63,84.795,84.845,84.715,0.01K,0.00%
09/23/2020,84.63,84.805,84.895,84.715,0.01K,0.00%
09/22/2020,84.63,84.795,84.865,84.715,0.01K,0.00%
09/21/2020,84.63,84.805,84.865,84.715,0.01K,0.00%
09/18/2020,84.63,84.79,84.79,84.75,0.01K,-0.20%
09/17/2020,84.8,84.805,84.805,84.795,0.00K,0.20%
09/16/2020,84.63,84.795,84.875,84.715,0.01K,0.00%
09/15/2020,84.63,84.795,84.955,84.715,0.01K,0.00%
09/14/2020,84.63,84.75,84.945,84.715,0.01K,0.00%
2020/11/09,84.63,84.81,84.88,84.81,0.01K,0.00%
2020/10/09,84.63,84.795,84.895,84.715,0.01K,0.00%
2020/09/09,84.63,84.81,84.905,84.715,0.02K,0.00%
2020/08/09,84.63,84.795,84.985,84.715,0.01K,-0.20%
2020/07/09,84.8,84.795,84.805,84.795,0.01K,0.20%
2020/04/09,84.63,84.86,84.9,84.75,0.01K,0.00%
2020/03/09,84.63,84.81,84.935,84.715,0.02K,0.00%
2020/02/09,84.63,84.795,84.875,84.715,0.01K,0.00%
2020/01/09,84.63,84.795,84.895,84.715,0.01K,0.00%
08/31/2020,84.63,84.795,84.965,84.715,0.02K,0.00%
08/28/2020,84.63,84.82,84.88,84.82,0.01K,0.00%
08/27/2020,84.63,84.795,84.9,84.715,0.01K,0.00%
08/26/2020,84.63,84.795,84.89,84.715,0.01K,0.00%
08/25/2020,84.63,84.79,84.965,84.715,0.01K,0.00%
08/24/2020,84.63,84.795,84.96,84.715,0.01K,0.00%
08/21/2020,84.63,84.77,84.81,84.77,0.01K,0.00%
08/20/2020,84.63,84.76,84.855,84.715,0.02K,0.00%
08/19/2020,84.63,84.795,84.86,84.715,0.01K,0.00%
08/18/2020,84.63,84.795,84.91,84.715,0.01K,0.00%
08/17/2020,84.63,84.9,84.94,84.715,0.01K,0.00%
08/13/2020,84.63,84.875,84.985,84.79,0.01K,0.00%
2020/12/08,84.63,84.875,84.905,84.79,0.01K,0.00%
2020/11/08,84.63,84.83,84.93,84.83,0.01K,0.00%
2020/10/08,84.63,84.835,84.915,84.755,0.01K,0.00%
2020/07/08,84.63,84.79,84.82,84.79,0.00K,0.00%
2020/06/08,84.63,84.795,84.885,84.715,0.01K,0.00%
2020/05/08,84.63,84.795,84.87,84.715,0.01K,0.00%
2020/04/08,84.63,84.795,84.83,84.715,0.01K,0.00%
2020/03/08,84.63,84.795,84.87,84.715,0.01K,0.00%
07/31/2020,84.63,84.78,84.82,84.78,0.01K,0.00%
07/30/2020,84.63,84.795,84.86,84.715,0.01K,0.00%
07/29/2020,84.63,84.79,84.88,84.715,0.01K,0.00%
07/28/2020,84.63,84.795,84.87,84.715,0.01K,0.00%
07/27/2020,84.63,84.795,84.84,84.715,0.01K,0.00%
07/24/2020,84.63,84.8,84.85,84.8,0.01K,0.00%
07/23/2020,84.63,84.76,84.88,84.715,0.01K,0.00%
07/22/2020,84.63,84.795,84.84,84.715,0.01K,0.00%
07/21/2020,84.63,84.795,84.85,84.715,0.01K,0.00%
07/20/2020,84.63,84.795,84.88,84.715,0.01K,0.00%
07/17/2020,84.63,84.78,84.78,84.78,,0.00%
07/16/2020,84.63,84.795,84.85,84.715,0.01K,0.00%
07/15/2020,84.63,84.795,84.84,84.715,0.01K,0.00%
07/14/2020,84.63,84.795,84.86,84.715,0.01K,0.00%
07/13/2020,84.63,84.795,84.84,84.715,0.01K,-0.12%
2020/10/07,84.73,84.92,84.95,84.92,0.00K,0.00%
2020/09/07,84.73,84.805,84.945,84.765,0.01K,0.00%
2020/08/07,84.73,84.795,84.905,84.765,0.01K,-0.07%
2020/07/07,84.79,84.9,84.965,84.765,0.01K,0.07%
2020/06/07,84.73,84.795,84.95,84.765,0.01K,-0.13%
2020/02/07,84.84,84.845,84.925,84.845,0.00K,0.13%
06/30/2020,84.73,84.845,84.98,84.79,0.01K,0.00%
06/29/2020,84.73,84.845,84.965,84.79,0.01K,0.00%
06/26/2020,84.73,84.89,84.91,84.89,0.00K,0.00%
06/25/2020,84.73,84.825,84.925,84.79,0.01K,0.00%
06/24/2020,84.73,84.825,84.97,84.79,0.01K,0.00%
06/23/2020,84.73,84.875,85.04,84.79,0.02K,0.00%
06/22/2020,84.73,84.925,85.065,84.815,0.02K,0.00%
06/19/2020,84.73,84.9,84.94,84.9,0.01K,0.00%
06/18/2020,84.73,84.945,85.045,84.815,0.01K,0.00%
06/17/2020,84.73,84.945,85.045,84.84,0.02K,0.00%
06/16/2020,84.73,84.945,85.025,84.84,0.01K,0.00%
06/15/2020,84.73,84.945,85.045,84.84,0.02K,-0.25%
2020/11/06,84.94,84.945,85.025,84.84,0.01K,0.25%
2020/10/06,84.73,84.945,84.995,84.84,0.01K,0.00%
2020/09/06,84.73,84.945,85.055,84.84,0.02K,0.00%
2020/08/06,84.73,84.945,85.115,84.84,0.02K,0.00%
2020/05/06,84.73,84.96,85.07,84.91,0.01K,0.00%
2020/04/06,84.73,84.92,85.055,84.84,0.02K,0.00%
2020/03/06,84.73,84.945,85.025,84.84,0.02K,-0.06%
2020/02/06,84.78,84.945,84.985,84.865,0.01K,0.06%
2020/01/06,84.73,84.945,84.995,84.84,0.01K,0.00%
05/29/2020,84.73,84.86,84.97,84.86,0.01K,0.00%
05/28/2020,84.73,84.945,85.025,84.84,0.01K,-0.06%
05/27/2020,84.78,84.945,85.355,84.84,0.02K,0.06%
05/26/2020,84.73,85.17,85.29,85.17,0.02K,0.00%
05/22/2020,84.73,85.06,85.17,85.06,0.01K,0.00%
05/21/2020,84.73,84.96,85.06,84.96,0.01K,0.00%
05/20/2020,84.73,84.945,85.055,84.84,0.02K,0.00%
05/19/2020,84.73,84.945,85.125,84.84,0.01K,-0.25%
05/18/2020,84.94,84.945,84.945,84.945,,0.25%
05/15/2020,84.73,84.95,85.02,84.87,0.01K,0.00%
05/14/2020,84.73,84.945,85.045,84.84,0.02K,0.00%
05/13/2020,84.73,84.945,85.015,84.84,0.02K,0.00%
2020/12/05,84.73,84.945,85.445,84.84,0.02K,0.00%
2020/11/05,84.73,84.945,85.095,84.84,0.02K,-0.04%
2020/08/05,84.76,84.98,85.045,84.98,0.01K,0.00%
2020/07/05,84.76,85.04,85.155,84.84,0.02K,0.04%
2020/06/05,84.73,84.96,85.03,84.96,0.01K,0.00%
2020/05/05,84.73,84.945,85.055,84.495,0.02K,0.00%
2020/04/05,84.73,84.945,85.065,84.84,0.02K,-0.06%
2020/01/05,84.78,84.985,85.035,84.985,0.01K,0.00%
04/30/2020,84.78,84.945,85.095,84.84,0.02K,0.06%
04/29/2020,84.73,84.87,85.115,84.84,0.03K,0.00%
04/28/2020,84.73,84.945,84.975,84.84,0.01K,0.00%
04/27/2020,84.73,84.945,85.015,84.84,0.01K,-0.04%
04/24/2020,84.76,84.985,85.015,84.965,0.01K,0.00%
04/23/2020,84.76,84.945,85.065,84.855,0.02K,0.04%
04/22/2020,84.73,84.945,85.055,84.84,0.01K,0.00%
04/21/2020,84.73,84.945,85.025,84.84,0.01K,0.00%
04/20/2020,84.73,84.945,85.035,84.81,0.01K,0.00%
04/17/2020,84.73,84.9,84.97,84.87,0.01K,0.00%
04/16/2020,84.73,84.92,85.035,84.81,0.01K,0.00%
04/15/2020,84.73,84.945,85.035,84.8,0.01K,0.09%
04/14/2020,84.65,84.96,85.03,84.89,0.01K,0.00%
04/13/2020,84.65,84.945,85.095,84.8,0.01K,0.00%
2020/09/04,84.65,84.945,84.965,84.8,0.01K,0.00%
2020/08/04,84.65,84.945,85.035,84.8,0.01K,0.00%
2020/07/04,84.65,84.945,85.035,84.8,0.01K,0.00%
2020/06/04,84.65,84.945,85.035,84.8,0.01K,-0.02%
2020/03/04,84.67,84.9,84.92,84.87,0.01K,0.00%
2020/02/04,84.67,84.945,85.035,84.81,0.01K,0.00%
2020/01/04,84.67,84.945,85.035,84.81,0.01K,0.00%
03/31/2020,84.67,84.86,84.995,84.81,0.01K,0.00%
03/30/2020,84.67,84.945,84.985,84.81,0.01K,0.00%
03/27/2020,84.67,84.83,84.9,84.83,0.01K,0.00%
03/26/2020,84.67,84.85,84.92,84.82,0.01K,0.00%
03/25/2020,84.67,84.945,85.015,84.8,0.01K,0.02%
03/24/2020,84.65,84.945,84.975,84.8,0.01K,0.00%
03/23/2020,84.65,84.945,85.105,84.8,0.02K,0.00%
03/20/2020,84.65,84.84,84.85,84.84,0.00K,0.00%
03/19/2020,84.65,84.82,84.975,84.8,0.01K,-0.05%
03/18/2020,84.69,84.945,85.105,84.8,0.01K,0.05%
03/17/2020,84.65,84.9,84.96,84.85,0.01K,0.00%
03/16/2020,84.65,84.945,85.035,84.8,0.02K,0.00%
03/13/2020,84.65,84.82,84.88,84.82,0.01K,-0.05%
2020/12/03,84.69,84.945,84.955,84.82,0.01K,-0.29%
2020/11/03,84.94,84.945,85.035,84.8,0.01K,0.00%
2020/10/03,84.94,84.945,84.955,84.82,0.01K,0.34%
2020/09/03,84.65,84.925,85.065,84.8,0.02K,0.00%
2020/06/03,84.65,84.89,85.15,84.89,0.02K,0.00%
2020/05/03,84.65,84.945,85.085,84.8,0.01K,0.00%
2020/04/03,84.65,84.945,85.035,84.8,0.02K,0.00%
2020/03/03,84.65,84.945,85.015,84.8,0.01K,0.00%
2020/02/03,84.65,84.945,85.085,84.8,0.02K,0.00%
02/28/2020,84.65,84.85,84.94,84.85,0.01K,0.00%
02/27/2020,84.65,84.945,84.985,84.8,0.01K,-0.06%
02/26/2020,84.7,84.945,85.015,84.825,0.01K,0.06%
02/25/2020,84.65,84.945,85.005,84.8,0.01K,0.00%
02/24/2020,84.65,84.83,85.195,84.775,0.02K,0.00%
02/21/2020,84.65,84.83,85.04,84.83,0.01K,0.00%
02/20/2020,84.65,84.945,85.085,84.8,0.02K,0.00%
02/19/2020,84.65,84.945,85.055,84.8,0.02K,0.00%
02/18/2020,84.65,84.945,85.025,84.775,0.02K,-0.34%
02/17/2020,84.94,84.945,84.945,84.945,,0.34%
02/14/2020,84.65,84.83,84.91,84.83,0.00K,0.00%
02/13/2020,84.65,84.945,85.035,84.8,0.01K,0.00%
2020/12/02,84.65,84.945,84.995,84.8,0.01K,0.00%
2020/11/02,84.65,84.945,85.025,84.775,0.01K,0.00%
2020/10/02,84.65,84.945,85.045,84.8,0.02K,0.00%
2020/07/02,84.65,84.88,84.95,84.83,0.01K,0.00%
2020/06/02,84.65,84.945,85.015,84.8,0.01K,-0.06%
2020/05/02,84.7,84.945,85.055,84.775,0.02K,0.06%
2020/04/02,84.65,84.945,84.995,84.8,0.01K,0.06%
2020/03/02,84.6,84.895,85.075,84.75,0.02K,0.00%
01/31/2020,84.6,84.83,84.93,84.83,0.01K,0.00%
01/30/2020,84.6,84.895,84.965,84.75,0.01K,0.00%
01/29/2020,84.6,84.895,84.985,84.75,0.01K,0.00%
01/28/2020,84.6,84.895,84.955,84.75,0.01K,0.00%
01/27/2020,84.6,84.895,84.975,84.75,0.01K,0.00%
01/24/2020,84.6,84.85,84.89,84.83,0.01K,0.00%
01/23/2020,84.6,84.78,84.985,84.75,0.02K,0.00%
01/22/2020,84.6,84.895,84.975,84.75,0.02K,-0.34%
01/21/2020,84.89,84.895,84.895,84.895,,0.00%
01/20/2020,84.89,84.895,84.895,84.895,,0.11%
01/17/2020,84.8,84.8,84.8,84.8,,0.24%
01/16/2020,84.6,84.895,84.945,84.75,0.01K,0.00%
01/15/2020,84.6,84.895,84.975,84.75,0.02K,0.00%
01/14/2020,84.6,84.895,84.995,84.695,0.02K,-0.34%
01/13/2020,84.89,84.895,84.895,84.895,,0.34%
2020/10/01,84.6,84.82,84.99,84.82,0.02K,0.00%
2020/09/01,84.6,84.895,84.955,84.75,0.01K,0.00%
2020/08/01,84.6,84.895,84.985,84.75,0.02K,0.00%
2020/07/01,84.6,84.895,85.005,84.75,0.02K,0.00%
2020/06/01,84.6,84.895,84.955,84.75,0.01K,0.00%
2020/03/01,84.6,84.78,84.89,84.78,0.01K,0.00%
2020/02/01,84.6,84.895,84.925,84.75,0.01K,-0.34%
2020/01/01,84.89,84.895,84.895,84.895,,0.00%
